image,initial_label,final_label,confidence,enhanced,lap_var,orb_kpts,brightness,saturation,haze_score
badimage.JPG,GOOD,GOOD,0.4012206494808197,False,42.75150520230775,500,0.1758615026143791,0.3245536044117647,0.13098539232026143
goodimage.JPG,GOOD,GOOD,0.40120935440063477,False,121.74751902586415,500,0.45596404411764707,0.38366551650326797,0.3245014647058823
recoverableimage.JPG,RECOVERABLE,RECOVERABLE,0.5336900949478149,False,117.80561263081938,500,0.42289738774509805,0.19681843251633985,0.35945181715686275
